Name,Description,Link
"популярноеYour AI girlUndress mePlay with meFor persons over 18Openpublicfor saleHamster Kombat Announcement37051439−346041Community chat: https://t.me/hamster_kombat_chat_2 Website: https://hamster.network Twitter: x.com/hamster_kombat YouTube: https://www.youtube.com/@HamsterKombat_Official Bot: https://t.me/hamster_kombat_bot#GamespublicBlum: All Crypto – One App25731571−424214Your easy, fun crypto trading app for buying and trading any crypto on the market.  App: @Blum  Trading Bot: @BlumCryptoTradingBot  Help: @BlumSupport  Chat: @BlumCrypto_Chat#CryptocurrenciesпопулярноеРаздень меняЗагрузи фотоCмотри без одеждыМгновенный результатОткрытьpublictapswap community17575544−185948Turn your endless taps into a financial tool. Join @tapswap_bot Collaboration - @taping_Guru#MixedpublicMemeFi Community14878839−143791A meme-flavoured battle arena for meme token owners @memefi_coin_bot Website: https://www.memefi.club/#CryptocurrenciespublicSEED Updates14112210−199942From a single SEED, a universe was born. Mine SEED: @seed_coin_bot X: x.com/SeedCombinator Chat: discord.gg/seedgo For partnership: @alexisright#CryptocurrenciespublicNotcoin Community13650928−169581@notcoin_bot#CryptocurrenciespublicTelegram Tips13220769+18857Telegram stands for freedom and privacy and has many easy to use features.#SMMpublicTelegram News11978056−55321The official Telegram on Telegram. Much recursion. Very Telegram. Wow.#TelegrampublicRoxman10995493−17302Sharing my thoughts, discussing my projects, and traveling the world. Contact: @borz#TelegrampublicPavel Durov10970870−85220Founder of Telegram.#BloggerspublicYescoin10072618−130561Yes for Billions. Play: @theYescoin_bot Contact: @hello_yescoin @CTotheMoon Community: @justin_yescoin#CryptocurrenciespublicTime Farm News9215165−118330Complete simple tasks & earn: @TimeFarmCryptoBot For Collaboration @timefarmsupportbot Join the Time Farm community: @timefarmcommunitychat Our Chrono.tech community: @chronotech#CryptocurrenciesprivateAxe+8872762+477538The most popular Russian-language Telegram channel. Send news here: @Toporchan_Bot Live channel – https://t.me/+oDf_lVJzbNQyYWFi Open channel – @topor For cooperation: @toporch Topor VK: https://vk.com/toportg#NewspublicTelegram Premium8821534−46607Telegram Premium – a subscription that unlocks dozens of exclusive features.#TelegrampublicTonkeeper News7328818−86242The official news channel of Tonkeeper. Download Tonkeeper for iOS and Android tonkeeper.com Help Center tonkeeper.helpscoutdocs.com Support @tonkeeper Twitter x.com/tonkeeper The official news channel of Tonkeeper @tonkeeper_ru#CryptocurrenciespublicOKX News6777157−72300Official OKX crypto exchange news channel | www.okx.com in Russian. Community: t.me/okx_russian Support: support@okx.com Marketing and partnerships: @CoffeeTrends#NewspublicNot Pixel Channel6625598−97253mexc.com/exchange/PX_USDT Play @notpixel Web notpixel.org X x.com/notpixelx linkedin.com/company/notpixel/ Join @thenotgames#Science and TechnologypublicBits Community6617160−75988Listing is coming soon! Stay tuned! Join & Earn: @bits Chat: @bits_global_chat#CryptocurrenciespublicDotcoin Community6616358−86335More than just a game. Game: @dotcoin_bot Twitter (X): twitter.com/thedotcoin Support: @dotcoin_help_support#CryptocurrenciespublicCatizen Announcement5975495−71317 Chat Group: @CatizenAI  Game Bot(TON): @catizenbot#GamespublicCats&Dogs5903109−74196Choose you side and get $FOOD to get loot Our official bot: @catsdogs_game_bot#CookingpublicCommunities5496376−73983https://tools.tg — Telegram-native toolset Join our community#MixedpublicLive Broadcast • News5445718−103612All the most important in one channel. News of Russia and the World. Suggest news: @pryamoy_bot Feedback: @rob_lower RKN: clck.ru/3GBATH#NewspublicAlex Falcon5330171−51480Founder of X Empire Ex Tooligram Host of the biggest podcast in the CIS https://instagram.com/sokolovskiy https://x.com/iamalexfalcon#CryptocurrenciespublicMoney & Crypto News5204450+12401 The first financial channel, providing 24/7 non-stop updates.  - Cryptocurrency News - Blockchain Technology News - Crypto Financial Analysis - Bitcoin Market Updates - Blockchain Sector News - Stock Market Headlines - Equity Market Trends#MixedpublicPixelverse.xyz News Channel5137321−57255Play our games: https://t.me/pixelversexyzbot Official Chat: https://t.me/pixelverse_xyz_chat Twitter: https://twitter.com/pixelverse_xyz Discord: https://discord.gg/pixelversexyz#GamespublicLeonardo Davinchik5102702+26320Dating bot @leomatchbot Who hangs out in VK vk.me/dayvinchik Integrations in Dayvinchik @futuread 4974524870#HumorpublicTON Station5055784−71877Premium Game Distribution TG Platform by Sidus Heroes & SuperVerse. Exclusive airdrops, Premium game content, Epic community & more. $MRSOON token at the heart – your gateway to Web3 of tomorrow. Join!Official links: https://linktr.ee/tonstation#CryptocurrenciespublicWallet News4974677−53757Wallet is a convenient and safe service to buy, store, and send cryptocurrencies. Posts are not directed towards UK consumers. Our community: https://t.me/wallet_news_en_chat#CryptocurrenciespublicFintopio News4953093−868125Financial Utopia  twitter.com/fintopio tiktok.com/@fintopio @FintopioNews  @fintopio  fintopio.com #Cryptocurrencies123456…25169","Description not available",https://t.me/luciddreams?start=_tgr_KY6g5ykzMGFi
"популярноеYour AI girlUndress mePlay with meFor persons over 18Open","Description not available",https://t.me/luciddreams?start=_tgr_KY6g5ykzMGFi
"популярноеYour AI girlUndress mePlay with meFor persons over 18Open","Description not available",https://t.me/luciddreams?start=_tgr_KY6g5ykzMGFi
"популярное","Description not available",No link
"No name","Description not available",No link
"Your AI girl","Description not available",https://t.me/luciddreams?start=_tgr_KY6g5ykzMGFi
"Undress mePlay with meFor persons over 18","Description not available",No link
"Open","Description not available",https://t.me/luciddreams?start=_tgr_KY6g5ykzMGFi
"publicfor saleHamster Kombat Announcement37051439−346041Community chat: https://t.me/hamster_kombat_chat_2 Website: https://hamster.network Twitter: x.com/hamster_kombat YouTube: https://www.youtube.com/@HamsterKombat_Official Bot: https://t.me/hamster_kombat_bot#Games","Description not available",No link
"publicfor saleHamster Kombat Announcement37051439−346041Community chat: https://t.me/hamster_kombat_chat_2 Website: https://hamster.network Twitter: x.com/hamster_kombat YouTube: https://www.youtube.com/@HamsterKombat_Official Bot: https://t.me/hamster_kombat_bot#Games","Description not available",No link
"publicfor sale","Description not available",No link
"No name","Description not available",No link
"Hamster Kombat Announcement","Description not available",No link
"37051439−346041","Description not available",No link
"Community chat: https://t.me/hamster_kombat_chat_2 Website: https://hamster.network Twitter: x.com/hamster_kombat YouTube: https://www.youtube.com/@HamsterKombat_Official Bot: https://t.me/hamster_kombat_bot","Description not available",No link
"#Games","Description not available",No link
"publicBlum: All Crypto – One App25731571−424214Your easy, fun crypto trading app for buying and trading any crypto on the market.  App: @Blum  Trading Bot: @BlumCryptoTradingBot  Help: @BlumSupport  Chat: @BlumCrypto_Chat#Cryptocurrencies","Description not available",No link
"publicBlum: All Crypto – One App25731571−424214Your easy, fun crypto trading app for buying and trading any crypto on the market.  App: @Blum  Trading Bot: @BlumCryptoTradingBot  Help: @BlumSupport  Chat: @BlumCrypto_Chat#Cryptocurrencies","Description not available",No link
"public","Description not available",No link
"No name","Description not available",No link
"Blum: All Crypto – One App","Description not available",No link
"25731571−424214","Description not available",No link
"Your easy, fun crypto trading app for buying and trading any crypto on the market.  App: @Blum  Trading Bot: @BlumCryptoTradingBot  Help: @BlumSupport  Chat: @BlumCrypto_Chat","Description not available",No link
"#Cryptocurrencies","Description not available",No link
"популярноеРаздень меняЗагрузи фотоCмотри без одеждыМгновенный результатОткрыть","Description not available",https://t.me/neirouN77_bot
"популярноеРаздень меняЗагрузи фотоCмотри без одеждыМгновенный результатОткрыть","Description not available",https://t.me/neirouN77_bot
"популярное","Description not available",No link
"No name","Description not available",No link
"Раздень меня","Description not available",https://t.me/neirouN77_bot
"Загрузи фотоCмотри без одеждыМгновенный результат","Description not available",No link
"Открыть","Description not available",https://t.me/neirouN77_bot
"publictapswap community17575544−185948Turn your endless taps into a financial tool. Join @tapswap_bot Collaboration - @taping_Guru#Mixed","Description not available",No link
"publictapswap community17575544−185948Turn your endless taps into a financial tool. Join @tapswap_bot Collaboration - @taping_Guru#Mixed","Description not available",No link
"public","Description not available",No link
"No name","Description not available",No link
"tapswap community","Description not available",No link
"17575544−185948","Description not available",No link
"Turn your endless taps into a financial tool. Join @tapswap_bot Collaboration - @taping_Guru","Description not available",No link
"#Mixed","Description not available",No link
"publicMemeFi Community14878839−143791A meme-flavoured battle arena for meme token owners @memefi_coin_bot Website: https://www.memefi.club/#Cryptocurrencies","Description not available",No link
"publicMemeFi Community14878839−143791A meme-flavoured battle arena for meme token owners @memefi_coin_bot Website: https://www.memefi.club/#Cryptocurrencies","Description not available",No link
"public","Description not available",No link
"No name","Description not available",No link
"MemeFi Community","Description not available",No link
"14878839−143791","Description not available",No link
"A meme-flavoured battle arena for meme token owners @memefi_coin_bot Website: https://www.memefi.club/","Description not available",No link
"#Cryptocurrencies","Description not available",No link
"publicSEED Updates14112210−199942From a single SEED, a universe was born. Mine SEED: @seed_coin_bot X: x.com/SeedCombinator Chat: discord.gg/seedgo For partnership: @alexisright#Cryptocurrencies","Description not available",No link
"publicSEED Updates14112210−199942From a single SEED, a universe was born. Mine SEED: @seed_coin_bot X: x.com/SeedCombinator Chat: discord.gg/seedgo For partnership: @alexisright#Cryptocurrencies","Description not available",No link
"public","Description not available",No link
"No name","Description not available",No link
"SEED Updates","Description not available",No link
"14112210−199942","Description not available",No link
"From a single SEED, a universe was born. Mine SEED: @seed_coin_bot X: x.com/SeedCombinator Chat: discord.gg/seedgo For partnership: @alexisright","Description not available",No link
"#Cryptocurrencies","Description not available",No link
"publicNotcoin Community13650928−169581@notcoin_bot#Cryptocurrencies","Description not available",No link
"publicNotcoin Community13650928−169581@notcoin_bot#Cryptocurrencies","Description not available",No link
"public","Description not available",No link
"No name","Description not available",No link
"Notcoin Community","Description not available",No link
"13650928−169581","Description not available",No link
"@notcoin_bot","Description not available",No link
"#Cryptocurrencies","Description not available",No link
"publicTelegram Tips13220769+18857Telegram stands for freedom and privacy and has many easy to use features.#SMM","Description not available",No link
"publicTelegram Tips13220769+18857Telegram stands for freedom and privacy and has many easy to use features.#SMM","Description not available",No link
"public","Description not available",No link
"No name","Description not available",No link
"Telegram Tips","Description not available",No link
"13220769+18857","Description not available",No link
"Telegram stands for freedom and privacy and has many easy to use features.","Description not available",No link
"#SMM","Description not available",No link
"publicTelegram News11978056−55321The official Telegram on Telegram. Much recursion. Very Telegram. Wow.#Telegram","Description not available",No link
"publicTelegram News11978056−55321The official Telegram on Telegram. Much recursion. Very Telegram. Wow.#Telegram","Description not available",No link
"public","Description not available",No link
"No name","Description not available",No link
"Telegram News","Description not available",No link
"11978056−55321","Description not available",No link
"The official Telegram on Telegram. Much recursion. Very Telegram. Wow.","Description not available",No link
"#Telegram","Description not available",No link
"publicRoxman10995493−17302Sharing my thoughts, discussing my projects, and traveling the world. Contact: @borz#Telegram","Description not available",No link
"publicRoxman10995493−17302Sharing my thoughts, discussing my projects, and traveling the world. Contact: @borz#Telegram","Description not available",No link
"public","Description not available",No link
"No name","Description not available",No link
"Roxman","Description not available",No link
"10995493−17302","Description not available",No link
"Sharing my thoughts, discussing my projects, and traveling the world. Contact: @borz","Description not available",No link
"#Telegram","Description not available",No link
"publicPavel Durov10970870−85220Founder of Telegram.#Bloggers","Description not available",No link
"publicPavel Durov10970870−85220Founder of Telegram.#Bloggers","Description not available",No link
"public","Description not available",No link
"No name","Description not available",No link
"Pavel Durov","Description not available",No link
"10970870−85220","Description not available",No link
"Founder of Telegram.","Description not available",No link
"#Bloggers","Description not available",No link
"publicYescoin10072618−130561Yes for Billions. Play: @theYescoin_bot Contact: @hello_yescoin @CTotheMoon Community: @justin_yescoin#Cryptocurrencies","Description not available",No link
"publicYescoin10072618−130561Yes for Billions. Play: @theYescoin_bot Contact: @hello_yescoin @CTotheMoon Community: @justin_yescoin#Cryptocurrencies","Description not available",No link
"public","Description not available",No link
"No name","Description not available",No link
"Yescoin","Description not available",No link
"10072618−130561","Description not available",No link
"Yes for Billions. Play: @theYescoin_bot Contact: @hello_yescoin @CTotheMoon Community: @justin_yescoin","Description not available",No link
"#Cryptocurrencies","Description not available",No link
"publicTime Farm News9215165−118330Complete simple tasks & earn: @TimeFarmCryptoBot For Collaboration @timefarmsupportbot Join the Time Farm community: @timefarmcommunitychat Our Chrono.tech community: @chronotech#Cryptocurrencies","Description not available",No link
"publicTime Farm News9215165−118330Complete simple tasks & earn: @TimeFarmCryptoBot For Collaboration @timefarmsupportbot Join the Time Farm community: @timefarmcommunitychat Our Chrono.tech community: @chronotech#Cryptocurrencies","Description not available",No link
"public","Description not available",No link
"No name","Description not available",No link
"Time Farm News","Description not available",No link
"9215165−118330","Description not available",No link
"Complete simple tasks & earn: @TimeFarmCryptoBot For Collaboration @timefarmsupportbot Join the Time Farm community: @timefarmcommunitychat Our Chrono.tech community: @chronotech","Description not available",No link
"#Cryptocurrencies","Description not available",No link
"privateAxe+8872762+477538The most popular Russian-language Telegram channel. Send news here: @Toporchan_Bot Live channel – https://t.me/+oDf_lVJzbNQyYWFi Open channel – @topor For cooperation: @toporch Topor VK: https://vk.com/toportg#News","Description not available",No link
"privateAxe+8872762+477538The most popular Russian-language Telegram channel. Send news here: @Toporchan_Bot Live channel – https://t.me/+oDf_lVJzbNQyYWFi Open channel – @topor For cooperation: @toporch Topor VK: https://vk.com/toportg#News","Description not available",No link
"private","Description not available",No link
"No name","Description not available",No link
"Axe+","Description not available",No link
"8872762+477538","Description not available",No link
"The most popular Russian-language Telegram channel. Send news here: @Toporchan_Bot Live channel – https://t.me/+oDf_lVJzbNQyYWFi Open channel – @topor For cooperation: @toporch Topor VK: https://vk.com/toportg","Description not available",No link
"#News","Description not available",No link
"publicTelegram Premium8821534−46607Telegram Premium – a subscription that unlocks dozens of exclusive features.#Telegram","Description not available",No link
"publicTelegram Premium8821534−46607Telegram Premium – a subscription that unlocks dozens of exclusive features.#Telegram","Description not available",No link
"public","Description not available",No link
"No name","Description not available",No link
"Telegram Premium","Description not available",No link
"8821534−46607","Description not available",No link
"Telegram Premium – a subscription that unlocks dozens of exclusive features.","Description not available",No link
"#Telegram","Description not available",No link
"publicTonkeeper News7328818−86242The official news channel of Tonkeeper. Download Tonkeeper for iOS and Android tonkeeper.com Help Center tonkeeper.helpscoutdocs.com Support @tonkeeper Twitter x.com/tonkeeper The official news channel of Tonkeeper @tonkeeper_ru#Cryptocurrencies","Description not available",No link
"publicTonkeeper News7328818−86242The official news channel of Tonkeeper. Download Tonkeeper for iOS and Android tonkeeper.com Help Center tonkeeper.helpscoutdocs.com Support @tonkeeper Twitter x.com/tonkeeper The official news channel of Tonkeeper @tonkeeper_ru#Cryptocurrencies","Description not available",No link
"public","Description not available",No link
"No name","Description not available",No link
"Tonkeeper News","Description not available",No link
"7328818−86242","Description not available",No link
"The official news channel of Tonkeeper. Download Tonkeeper for iOS and Android tonkeeper.com Help Center tonkeeper.helpscoutdocs.com Support @tonkeeper Twitter x.com/tonkeeper The official news channel of Tonkeeper @tonkeeper_ru","Description not available",No link
"#Cryptocurrencies","Description not available",No link
"publicOKX News6777157−72300Official OKX crypto exchange news channel | www.okx.com in Russian. Community: t.me/okx_russian Support: support@okx.com Marketing and partnerships: @CoffeeTrends#News","Description not available",No link
"publicOKX News6777157−72300Official OKX crypto exchange news channel | www.okx.com in Russian. Community: t.me/okx_russian Support: support@okx.com Marketing and partnerships: @CoffeeTrends#News","Description not available",No link
"public","Description not available",No link
"No name","Description not available",No link
"OKX News","Description not available",No link
"6777157−72300","Description not available",No link
"Official OKX crypto exchange news channel | www.okx.com in Russian. Community: t.me/okx_russian Support: support@okx.com Marketing and partnerships: @CoffeeTrends","Description not available",No link
"#News","Description not available",No link
"publicNot Pixel Channel6625598−97253mexc.com/exchange/PX_USDT Play @notpixel Web notpixel.org X x.com/notpixelx linkedin.com/company/notpixel/ Join @thenotgames#Science and Technology","Description not available",No link
"publicNot Pixel Channel6625598−97253mexc.com/exchange/PX_USDT Play @notpixel Web notpixel.org X x.com/notpixelx linkedin.com/company/notpixel/ Join @thenotgames#Science and Technology","Description not available",No link
"public","Description not available",No link
"No name","Description not available",No link
"Not Pixel Channel","Description not available",No link
"6625598−97253","Description not available",No link
"mexc.com/exchange/PX_USDT Play @notpixel Web notpixel.org X x.com/notpixelx linkedin.com/company/notpixel/ Join @thenotgames","Description not available",No link
"#Science and Technology","Description not available",No link
"publicBits Community6617160−75988Listing is coming soon! Stay tuned! Join & Earn: @bits Chat: @bits_global_chat#Cryptocurrencies","Description not available",No link
"publicBits Community6617160−75988Listing is coming soon! Stay tuned! Join & Earn: @bits Chat: @bits_global_chat#Cryptocurrencies","Description not available",No link
"public","Description not available",No link
"No name","Description not available",No link
"Bits Community","Description not available",No link
"6617160−75988","Description not available",No link
"Listing is coming soon! Stay tuned! Join & Earn: @bits Chat: @bits_global_chat","Description not available",No link
"#Cryptocurrencies","Description not available",No link
"publicDotcoin Community6616358−86335More than just a game. Game: @dotcoin_bot Twitter (X): twitter.com/thedotcoin Support: @dotcoin_help_support#Cryptocurrencies","Description not available",No link
"publicDotcoin Community6616358−86335More than just a game. Game: @dotcoin_bot Twitter (X): twitter.com/thedotcoin Support: @dotcoin_help_support#Cryptocurrencies","Description not available",No link
"public","Description not available",No link
"No name","Description not available",No link
"Dotcoin Community","Description not available",No link
"6616358−86335","Description not available",No link
"More than just a game. Game: @dotcoin_bot Twitter (X): twitter.com/thedotcoin Support: @dotcoin_help_support","Description not available",No link
"#Cryptocurrencies","Description not available",No link
"publicCatizen Announcement5975495−71317 Chat Group: @CatizenAI  Game Bot(TON): @catizenbot#Games","Description not available",No link
"publicCatizen Announcement5975495−71317 Chat Group: @CatizenAI  Game Bot(TON): @catizenbot#Games","Description not available",No link
"public","Description not available",No link
"No name","Description not available",No link
"Catizen Announcement","Description not available",No link
"5975495−71317","Description not available",No link
"Chat Group: @CatizenAI  Game Bot(TON): @catizenbot","Description not available",No link
"#Games","Description not available",No link
"publicCats&Dogs5903109−74196Choose you side and get $FOOD to get loot Our official bot: @catsdogs_game_bot#Cooking","Description not available",No link
"publicCats&Dogs5903109−74196Choose you side and get $FOOD to get loot Our official bot: @catsdogs_game_bot#Cooking","Description not available",No link
"public","Description not available",No link
"No name","Description not available",No link
"Cats&Dogs","Description not available",No link
"5903109−74196","Description not available",No link
"Choose you side and get $FOOD to get loot Our official bot: @catsdogs_game_bot","Description not available",No link
"#Cooking","Description not available",No link
"publicCommunities5496376−73983https://tools.tg — Telegram-native toolset Join our community#Mixed","Description not available",No link
"publicCommunities5496376−73983https://tools.tg — Telegram-native toolset Join our community#Mixed","Description not available",No link
"public","Description not available",No link
"No name","Description not available",No link
"Communities","Description not available",No link
"5496376−73983","Description not available",No link
"https://tools.tg — Telegram-native toolset Join our community","Description not available",No link
"#Mixed","Description not available",No link
"publicLive Broadcast • News5445718−103612All the most important in one channel. News of Russia and the World. Suggest news: @pryamoy_bot Feedback: @rob_lower RKN: clck.ru/3GBATH#News","Description not available",No link
"publicLive Broadcast • News5445718−103612All the most important in one channel. News of Russia and the World. Suggest news: @pryamoy_bot Feedback: @rob_lower RKN: clck.ru/3GBATH#News","Description not available",No link
"public","Description not available",No link
"No name","Description not available",No link
"Live Broadcast • News","Description not available",No link
"5445718−103612","Description not available",No link
"All the most important in one channel. News of Russia and the World. Suggest news: @pryamoy_bot Feedback: @rob_lower RKN: clck.ru/3GBATH","Description not available",No link
"#News","Description not available",No link
"publicAlex Falcon5330171−51480Founder of X Empire Ex Tooligram Host of the biggest podcast in the CIS https://instagram.com/sokolovskiy https://x.com/iamalexfalcon#Cryptocurrencies","Description not available",No link
"publicAlex Falcon5330171−51480Founder of X Empire Ex Tooligram Host of the biggest podcast in the CIS https://instagram.com/sokolovskiy https://x.com/iamalexfalcon#Cryptocurrencies","Description not available",No link
"public","Description not available",No link
"No name","Description not available",No link
"Alex Falcon","Description not available",No link
"5330171−51480","Description not available",No link
"Founder of X Empire Ex Tooligram Host of the biggest podcast in the CIS https://instagram.com/sokolovskiy https://x.com/iamalexfalcon","Description not available",No link
"#Cryptocurrencies","Description not available",No link
"publicMoney & Crypto News5204450+12401 The first financial channel, providing 24/7 non-stop updates.  - Cryptocurrency News - Blockchain Technology News - Crypto Financial Analysis - Bitcoin Market Updates - Blockchain Sector News - Stock Market Headlines - Equity Market Trends#Mixed","Description not available",No link
"publicMoney & Crypto News5204450+12401 The first financial channel, providing 24/7 non-stop updates.  - Cryptocurrency News - Blockchain Technology News - Crypto Financial Analysis - Bitcoin Market Updates - Blockchain Sector News - Stock Market Headlines - Equity Market Trends#Mixed","Description not available",No link
"public","Description not available",No link
"No name","Description not available",No link
"Money & Crypto News","Description not available",No link
"5204450+12401","Description not available",No link
"The first financial channel, providing 24/7 non-stop updates.  - Cryptocurrency News - Blockchain Technology News - Crypto Financial Analysis - Bitcoin Market Updates - Blockchain Sector News - Stock Market Headlines - Equity Market Trends","Description not available",No link
"#Mixed","Description not available",No link
"publicPixelverse.xyz News Channel5137321−57255Play our games: https://t.me/pixelversexyzbot Official Chat: https://t.me/pixelverse_xyz_chat Twitter: https://twitter.com/pixelverse_xyz Discord: https://discord.gg/pixelversexyz#Games","Description not available",No link
"publicPixelverse.xyz News Channel5137321−57255Play our games: https://t.me/pixelversexyzbot Official Chat: https://t.me/pixelverse_xyz_chat Twitter: https://twitter.com/pixelverse_xyz Discord: https://discord.gg/pixelversexyz#Games","Description not available",No link
"public","Description not available",No link
"No name","Description not available",No link
"Pixelverse.xyz News Channel","Description not available",No link
"5137321−57255","Description not available",No link
"Play our games: https://t.me/pixelversexyzbot Official Chat: https://t.me/pixelverse_xyz_chat Twitter: https://twitter.com/pixelverse_xyz Discord: https://discord.gg/pixelversexyz","Description not available",No link
"#Games","Description not available",No link
"publicLeonardo Davinchik5102702+26320Dating bot @leomatchbot Who hangs out in VK vk.me/dayvinchik Integrations in Dayvinchik @futuread 4974524870#Humor","Description not available",No link
"publicLeonardo Davinchik5102702+26320Dating bot @leomatchbot Who hangs out in VK vk.me/dayvinchik Integrations in Dayvinchik @futuread 4974524870#Humor","Description not available",No link
"public","Description not available",No link
"No name","Description not available",No link
"Leonardo Davinchik","Description not available",No link
"5102702+26320","Description not available",No link
"Dating bot @leomatchbot Who hangs out in VK vk.me/dayvinchik Integrations in Dayvinchik @futuread 4974524870","Description not available",No link
"#Humor","Description not available",No link
"publicTON Station5055784−71877Premium Game Distribution TG Platform by Sidus Heroes & SuperVerse. Exclusive airdrops, Premium game content, Epic community & more. $MRSOON token at the heart – your gateway to Web3 of tomorrow. Join!Official links: https://linktr.ee/tonstation#Cryptocurrencies","Description not available",No link
"publicTON Station5055784−71877Premium Game Distribution TG Platform by Sidus Heroes & SuperVerse. Exclusive airdrops, Premium game content, Epic community & more. $MRSOON token at the heart – your gateway to Web3 of tomorrow. Join!Official links: https://linktr.ee/tonstation#Cryptocurrencies","Description not available",No link
"public","Description not available",No link
"No name","Description not available",No link
"TON Station","Description not available",No link
"5055784−71877","Description not available",No link
"Premium Game Distribution TG Platform by Sidus Heroes & SuperVerse. Exclusive airdrops, Premium game content, Epic community & more. $MRSOON token at the heart – your gateway to Web3 of tomorrow. Join!Official links: https://linktr.ee/tonstation","Description not available",No link
"#Cryptocurrencies","Description not available",No link
"publicWallet News4974677−53757Wallet is a convenient and safe service to buy, store, and send cryptocurrencies. Posts are not directed towards UK consumers. Our community: https://t.me/wallet_news_en_chat#Cryptocurrencies","Description not available",No link
"publicWallet News4974677−53757Wallet is a convenient and safe service to buy, store, and send cryptocurrencies. Posts are not directed towards UK consumers. Our community: https://t.me/wallet_news_en_chat#Cryptocurrencies","Description not available",No link
"public","Description not available",No link
"No name","Description not available",No link
"Wallet News","Description not available",No link
"4974677−53757","Description not available",No link
"Wallet is a convenient and safe service to buy, store, and send cryptocurrencies. Posts are not directed towards UK consumers. Our community: https://t.me/wallet_news_en_chat","Description not available",No link
"#Cryptocurrencies","Description not available",No link
"publicFintopio News4953093−868125Financial Utopia  twitter.com/fintopio tiktok.com/@fintopio @FintopioNews  @fintopio  fintopio.com #Cryptocurrencies","Description not available",No link
"publicFintopio News4953093−868125Financial Utopia  twitter.com/fintopio tiktok.com/@fintopio @FintopioNews  @fintopio  fintopio.com #Cryptocurrencies","Description not available",No link
"public","Description not available",No link
"No name","Description not available",No link
"Fintopio News","Description not available",No link
"4953093−868125","Description not available",No link
"Financial Utopia  twitter.com/fintopio tiktok.com/@fintopio @FintopioNews  @fintopio  fintopio.com","Description not available",No link
"#Cryptocurrencies","Description not available",No link